{
  "spatialCoverage": {
    "min_lat": 49.84240779,
    "min_lon": -178.9145776,
    "max_lat": 83.74256561,
    "max_lon": 179.7489502
  },
  "temporalCoverage": {
    "from": null,
    "to": null
  }
}