{
  "spatialCoverage": {
    "min_lat": 31.955042,
    "min_lon": -96.935464,
    "max_lat": 56.466942,
    "max_lon": 67.005317
  },
  "temporalCoverage": null
}